accessNumber,symbol,year,quarter,form,startDate,endDate,filedDate,acceptedDate,us-gaap_AccountsPayableCurrent,us-gaap_AccountsReceivableNetCurrent,us-gaap_AccumulatedOtherComprehensiveIncomeLossNetOfTax,us-gaap_Assets,us-gaap_AssetsCurrent,us-gaap_CashAndCashEquivalentsAtCarryingValue,us-gaap_CostOfGoodsAndServicesSold,us-gaap_EarningsPerShareBasic,us-gaap_EarningsPerShareDiluted,us-gaap_GrossProfit,us-gaap_IncomeTaxExpenseBenefit,us-gaap_IncomeTaxesPaidNet,us-gaap_IncreaseDecreaseInAccountsPayable,us-gaap_IncreaseDecreaseInAccountsReceivable,us-gaap_IncreaseDecreaseInInventories,us-gaap_IncreaseDecreaseInOtherOperatingAssets,us-gaap_IncreaseDecreaseInOtherOperatingLiabilities,us-gaap_InventoryNet,us-gaap_Liabilities,us-gaap_LiabilitiesAndStockholdersEquity,us-gaap_LiabilitiesCurrent,us-gaap_NetIncomeLoss,us-gaap_NonoperatingIncomeExpense,us-gaap_OperatingExpenses,us-gaap_OperatingIncomeLoss,us-gaap_OtherAssetsCurrent,us-gaap_OtherAssetsNoncurrent,us-gaap_OtherLiabilitiesNoncurrent,us-gaap_PaymentsForProceedsFromOtherInvestingActivities,us-gaap_ProceedsFromMaturitiesPrepaymentsAndCallsOfAvailableForSaleSecurities,us-gaap_ResearchAndDevelopmentExpense,us-gaap_RetainedEarningsAccumulatedDeficit,us-gaap_SellingGeneralAndAdministrativeExpense,us-gaap_ShareBasedCompensation,us-gaap_StockholdersEquity,us-gaap_WeightedAverageNumberOfDilutedSharesOutstanding,us-gaap_WeightedAverageNumberOfSharesOutstandingBasic,us-gaap_AccountsPayableCurrent_pct_change,us-gaap_AccountsReceivableNetCurrent_pct_change,us-gaap_AccumulatedOtherComprehensiveIncomeLossNetOfTax_pct_change,us-gaap_Assets_pct_change,us-gaap_AssetsCurrent_pct_change,us-gaap_CashAndCashEquivalentsAtCarryingValue_pct_change,us-gaap_CostOfGoodsAndServicesSold_pct_change,us-gaap_EarningsPerShareBasic_pct_change,us-gaap_EarningsPerShareDiluted_pct_change,us-gaap_GrossProfit_pct_change,us-gaap_IncomeTaxExpenseBenefit_pct_change,us-gaap_IncomeTaxesPaidNet_pct_change,us-gaap_IncreaseDecreaseInAccountsPayable_pct_change,us-gaap_IncreaseDecreaseInAccountsReceivable_pct_change,us-gaap_IncreaseDecreaseInInventories_pct_change,us-gaap_IncreaseDecreaseInOtherOperatingAssets_pct_change,us-gaap_IncreaseDecreaseInOtherOperatingLiabilities_pct_change,us-gaap_InventoryNet_pct_change,us-gaap_Liabilities_pct_change,us-gaap_LiabilitiesAndStockholdersEquity_pct_change,us-gaap_LiabilitiesCurrent_pct_change,us-gaap_NetIncomeLoss_pct_change,us-gaap_NonoperatingIncomeExpense_pct_change,us-gaap_OperatingExpenses_pct_change,us-gaap_OperatingIncomeLoss_pct_change,us-gaap_OtherAssetsCurrent_pct_change,us-gaap_OtherAssetsNoncurrent_pct_change,us-gaap_OtherLiabilitiesNoncurrent_pct_change,us-gaap_PaymentsForProceedsFromOtherInvestingActivities_pct_change,us-gaap_ProceedsFromMaturitiesPrepaymentsAndCallsOfAvailableForSaleSecurities_pct_change,us-gaap_ResearchAndDevelopmentExpense_pct_change,us-gaap_RetainedEarningsAccumulatedDeficit_pct_change,us-gaap_SellingGeneralAndAdministrativeExpense_pct_change,us-gaap_ShareBasedCompensation_pct_change,us-gaap_StockholdersEquity_pct_change,us-gaap_WeightedAverageNumberOfDilutedSharesOutstanding_pct_change,us-gaap_WeightedAverageNumberOfSharesOutstandingBasic_pct_change
0001193125-10-088957,AAPL,2010,2,10-Q,2009-09-27 00:00:00,2010-03-27 00:00:00,2010-04-21 00:00:00,2010-04-21 16:39:23,5666000000.0,2886000000.0,125000000.0,57057000000.0,32336000000.0,10018000000.0,17146000000.0,7.0,7.0,12036000000.0,2335000000.0,2144000000.0,-18000000.0,-482000000.0,183000000.0,-149000000.0,-287000000.0,638000000.0,17709000000.0,57057000000.0,12229000000.0,6452000000.0,83000000.0,3332000000.0,8704000000.0,4515000000.0,1925000000.0,4539000000.0,-19000000.0,13331000000.0,824000000.0,29670000000.0,2508000000.0,436000000.0,39348000000.0,921331000.0,905545000.0,,,,,,,,,,,,,,,,,,,,,,,,,,,,,,,,,,,,,
0001193125-10-162840,AAPL,2010,3,10-Q,2009-09-27 00:00:00,2010-06-26 00:00:00,2010-07-21 00:00:00,2010-07-21 16:37:45,8469000000.0,3447000000.0,108000000.0,64725000000.0,36033000000.0,9705000000.0,26710000000.0,10.0,10.0,18172000000.0,3374000000.0,2657000000.0,2812000000.0,79000000.0,487000000.0,71000000.0,-239000000.0,942000000.0,21614000000.0,64725000000.0,15612000000.0,9705000000.0,141000000.0,5234000000.0,12938000000.0,3188000000.0,2119000000.0,4981000000.0,26000000.0,19758000000.0,1288000000.0,32870000000.0,3946000000.0,655000000.0,43111000000.0,923341000.0,907762000.0,0.4947052594422874,0.19438669438669431,-0.136,0.13439192386560816,0.11433077684314696,-0.031243761229786338,0.557797737081535,0.4285714285714286,0.4285714285714286,0.5098039215686274,0.44496788008565313,0.2392723880597014,-157.22222222222223,-1.1639004149377594,1.6612021857923498,-1.476510067114094,-0.16724738675958184,0.4764890282131662,0.22050934553052115,0.13439192386560816,0.27663750102216045,0.504184748915065,0.6987951807228916,0.5708283313325331,0.48644301470588225,-0.2939091915836102,0.10077922077922086,0.09737827715355807,-2.3684210526315788,0.48210936913959945,0.5631067961165048,0.10785305021907643,0.5733652312599682,0.5022935779816513,0.09563383145267856,0.0021816263644662826,0.0024482493967721286
0001193125-11-010144,AAPL,2011,1,10-Q,2010-09-26 00:00:00,2010-12-25 00:00:00,2011-01-19 00:00:00,2011-01-19 16:33:29,14301000000.0,6027000000.0,114000000.0,86742000000.0,43927000000.0,10734000000.0,16443000000.0,6.0,6.0,10298000000.0,1959000000.0,826000000.0,2346000000.0,517000000.0,-166000000.0,558000000.0,653000000.0,885000000.0,32076000000.0,86742000000.0,23795000000.0,6004000000.0,136000000.0,2471000000.0,7827000000.0,3467000000.0,2954000000.0,7065000000.0,23000000.0,3279000000.0,575000000.0,43050000000.0,1896000000.0,299000000.0,54666000000.0,933154000.0,919294000.0,0.6886291179596173,0.7484769364664925,0.05555555555555558,0.3401622247972189,0.21907695723364684,0.10602782071097372,-0.38438786971171846,-0.4,-0.4,-0.4333039841514418,-0.41938352104327203,-0.6891230711328566,-0.16571834992887624,5.544303797468355,-1.3408624229979467,6.859154929577465,-3.7322175732217575,-0.060509554140127375,0.48403812343851205,0.3401622247972189,0.5241480912118883,-0.381349819680577,-0.03546099290780147,-0.5278945357279328,-0.3950378729324471,0.08751568381430364,0.3940537989617745,0.41838988154988965,-0.11538461538461542,-0.8340419070756149,-0.5535714285714286,0.30970489808335877,-0.5195134313228587,-0.5435114503816794,0.26802904131196215,0.010627709589414946,0.012703770371529144
0001193125-11-104388,AAPL,2011,2,10-Q,2010-09-26 00:00:00,2011-03-26 00:00:00,2011-04-21 00:00:00,2011-04-21 06:13:41,13714000000.0,5798000000.0,126000000.0,94904000000.0,46997000000.0,15978000000.0,30892000000.0,13.0,12.0,20516000000.0,3872000000.0,1913000000.0,1626000000.0,288000000.0,-121000000.0,1886000000.0,1674000000.0,930000000.0,33427000000.0,94904000000.0,24327000000.0,11991000000.0,162000000.0,4815000000.0,15701000000.0,4055000000.0,3885000000.0,7870000000.0,-12000000.0,10211000000.0,1156000000.0,49025000000.0,3659000000.0,586000000.0,61477000000.0,934549000.0,921245000.0,-0.04104608069365778,-0.03799568607930981,0.10526315789473695,0.09409513269235203,0.0698886789446127,0.48854108440469535,0.8787325913762696,1.1666666666666665,1.0,0.992231501262381,0.9765186319550792,1.3159806295399514,-0.3069053708439897,-0.44294003868471954,-0.27108433734939763,2.379928315412186,1.5635528330781012,0.05084745762711873,0.042118718044644066,0.09409513269235203,0.02235763815927716,0.9971685542971351,0.19117647058823528,0.9486038041278835,1.0060048549891403,0.16959907701182586,0.31516587677725116,0.11394196744515206,-1.5217391304347827,2.114059164379384,1.0104347826086957,0.13879210220673643,0.9298523206751055,0.959866220735786,0.1245929828412542,0.001494930097283076,0.0021222807937395505
0001193125-11-192493,AAPL,2011,3,10-Q,2010-09-26 00:00:00,2011-06-25 00:00:00,2011-07-20 00:00:00,2011-07-20 16:32:13,15270000000.0,6102000000.0,389000000.0,106758000000.0,46898000000.0,12091000000.0,47541000000.0,20.0,20.0,32438000000.0,6115000000.0,2563000000.0,2480000000.0,592000000.0,-162000000.0,1551000000.0,2608000000.0,889000000.0,37415000000.0,106758000000.0,26859000000.0,19299000000.0,334000000.0,7358000000.0,25080000000.0,4251000000.0,3440000000.0,9149000000.0,-34000000.0,16396000000.0,1784000000.0,56239000000.0,5574000000.0,870000000.0,69343000000.0,935688000.0,922917000.0,0.11346069709785622,0.05243187305967578,2.0873015873015874,0.12490516732698298,-0.002106517437283184,-0.24327199899862306,0.5389421209374596,0.5384615384615385,0.6666666666666667,0.581107428348606,0.5792871900826446,0.33978044955567177,0.5252152521525215,1.0555555555555554,0.33884297520661155,-0.17762460233297983,0.5579450418160095,-0.04408602150537633,0.11930475364226534,0.12490516732698298,0.10408188432605736,0.6094570928196148,1.0617283950617282,0.5281412253374871,0.5973504872301127,0.04833538840937113,-0.1145431145431145,0.16251588310038123,1.8333333333333335,0.605719322299481,0.5432525951557095,0.14714941356450795,0.5233670401749111,0.4846416382252561,0.12795029035248962,0.0012187696953289695,0.0018149352235290461
0001193125-12-023398,AAPL,2012,1,10-Q,2011-09-25 00:00:00,2011-12-31 00:00:00,2012-01-25 00:00:00,2012-01-25 16:42:11,18221000000.0,8930000000.0,384000000.0,138681000000.0,54771000000.0,10310000000.0,25630000000.0,14.0,13.0,20703000000.0,4413000000.0,1474000000.0,4314000000.0,3561000000.0,460000000.0,962000000.0,2472000000.0,1236000000.0,48627000000.0,138681000000.0,34607000000.0,13064000000.0,137000000.0,3363000000.0,17340000000.0,4958000000.0,4281000000.0,11833000000.0,34000000.0,3038000000.0,758000000.0,75709000000.0,2605000000.0,420000000.0,90054000000.0,941572000.0,931041000.0,0.19325474787164376,0.46345460504752545,-0.01285347043701801,0.2990220873377172,0.16787496268497581,-0.14729964436357623,-0.46088639279779564,-0.30000000000000004,-0.35,-0.36176706332079656,-0.27833197056418646,-0.424892703862661,0.739516129032258,5.015202702702703,-3.8395061728395063,-0.37975499677627333,-0.05214723926380371,0.3903262092238471,0.2996659093946279,0.2990220873377172,0.28846941434900786,-0.3230737343903829,-0.5898203592814371,-0.5429464528404457,-0.30861244019138756,0.16631380851564348,0.24447674418604648,0.29336539512515025,-2.0,-0.8147109050988046,-0.5751121076233183,0.34620103486904097,-0.5326515966989595,-0.5172413793103448,0.2986747040076143,0.00628842092663362,0.008802525037462816
0001193125-12-182321,AAPL,2012,2,10-Q,2011-09-25 00:00:00,2012-03-31 00:00:00,2012-04-25 00:00:00,2012-04-25 17:01:16,17011000000.0,7042000000.0,524000000.0,150934000000.0,50712000000.0,10121000000.0,46252000000.0,26.0,26.0,39267000000.0,8323000000.0,4835000000.0,2809000000.0,1663000000.0,326000000.0,1510000000.0,778000000.0,1102000000.0,48436000000.0,150934000000.0,32036000000.0,24686000000.0,285000000.0,6543000000.0,32724000000.0,5050000000.0,4992000000.0,13954000000.0,48000000.0,7702000000.0,1599000000.0,87124000000.0,4944000000.0,844000000.0,102498000000.0,943185000.0,932265000.0,-0.06640689314527193,-0.21142217245240758,0.36458333333333326,0.08835384803974589,-0.07410856109985209,-0.01833171677982537,0.8046039797112758,0.8571428571428572,1.0,0.8966816403419795,0.8860185814638568,2.280189959294437,-0.3488641631896152,-0.532996349340073,-0.29130434782608694,0.5696465696465696,-0.6852750809061489,-0.10841423948220064,-0.003927859008369783,0.08835384803974589,-0.07429132834397667,0.8896203306797306,1.0802919708029197,0.9455842997323818,0.8871972318339101,0.01855586930213793,0.16608269096005612,0.17924448576016228,0.41176470588235303,1.5352205398288348,1.109498680738786,0.1507746767227145,0.8978886756238005,1.0095238095238095,0.138183756412819,0.001713092572846353,0.0013146574640643394
0001193125-12-314552,AAPL,2012,3,10-Q,2011-09-25 00:00:00,2012-06-30 00:00:00,2012-07-25 00:00:00,2012-07-25 16:39:39,16808000000.0,7657000000.0,532000000.0,162896000000.0,51943000000.0,7945000000.0,66281000000.0,35.0,35.0,54261000000.0,11360000000.0,5901000000.0,2450000000.0,2278000000.0,346000000.0,3238000000.0,1686000000.0,1122000000.0,51150000000.0,162896000000.0,33060000000.0,33510000000.0,573000000.0,9964000000.0,44297000000.0,6560000000.0,5438000000.0,15560000000.0,56000000.0,10344000000.0,2475000000.0,95641000000.0,7489000000.0,1292000000.0,111746000000.0,944440000.0,933672000.0,-0.01193345482334962,0.0873331439931837,0.01526717557251911,0.07925318351067356,0.024274333491086875,-0.2149985179330106,0.43304073337369187,0.34615384615384626,0.34615384615384626,0.381847352738941,0.3648924666586568,0.22047569803516032,-0.12780348878604486,0.369813589897775,0.06134969325153383,1.1443708609271521,1.1670951156812341,0.01814882032667886,0.05603270294822038,0.07925318351067356,0.03196404045448875,0.35744956655594273,1.0105263157894737,0.5228488460950633,0.3536548099254371,0.29900990099009905,0.08934294871794868,0.11509244661029094,0.16666666666666674,0.34302778499091136,0.547842401500938,0.09775721959506001,0.5147653721682848,0.5308056872037914,0.09022615075416107,0.0013305979208744212,0.0015092275265080612
0001193125-13-022339,AAPL,2013,1,10-Q,2012-09-30 00:00:00,2012-12-29 00:00:00,2013-01-24 00:00:00,2013-01-24 17:01:37,26398000000.0,11598000000.0,612000000.0,196088000000.0,72348000000.0,16154000000.0,33452000000.0,13.0,13.0,21060000000.0,4594000000.0,1890000000.0,6145000000.0,668000000.0,664000000.0,-413000000.0,2373000000.0,1455000000.0,68742000000.0,196088000000.0,46879000000.0,13078000000.0,462000000.0,3850000000.0,17210000000.0,6644000000.0,5183000000.0,18925000000.0,52000000.0,3460000000.0,1010000000.0,109567000000.0,2840000000.0,545000000.0,127346000000.0,947217000.0,938916000.0,0.570561637315564,0.5146924382917593,0.15037593984962405,0.2037619094391514,0.392834453150569,1.0332284455632474,-0.49530031230669425,-0.6285714285714286,-0.6285714285714286,-0.6118759329905457,-0.5955985915492958,-0.6797153024911031,1.5081632653061225,-0.7067603160667252,0.9190751445086704,-1.1275478690549723,0.407473309608541,0.29679144385026746,0.3439296187683285,0.2037619094391514,0.4179975801572897,-0.6097284392718592,-0.19371727748691103,-0.6136089923725412,-0.6114861051538478,0.012804878048780388,-0.04689223979404189,0.21625964010282783,-0.0714285714285714,-0.6655065738592421,-0.591919191919192,0.14560700954611505,-0.6207771398050475,-0.5781733746130031,0.13960231238702048,0.002940366778196646,0.005616533429298576
0001193125-13-168288,AAPL,2013,2,10-Q,2012-09-30 00:00:00,2013-03-30 00:00:00,2013-04-24 00:00:00,2013-04-23 21:29:23,14912000000.0,7084000000.0,964000000.0,194743000000.0,63337000000.0,12053000000.0,60706000000.0,24.0,23.0,37409000000.0,7952000000.0,4258000000.0,-4422000000.0,-3846000000.0,454000000.0,-1269000000.0,3658000000.0,1245000000.0,59253000000.0,194743000000.0,35508000000.0,22625000000.0,809000000.0,7641000000.0,29768000000.0,6377000000.0,5294000000.0,20868000000.0,93000000.0,9243000000.0,2129000000.0,116572000000.0,5512000000.0,1120000000.0,135490000000.0,946626000.0,939273000.0,-0.43510872035760284,-0.38920503535092255,0.5751633986928104,-0.006859165272734669,-0.12455078232985017,-0.25386901077132595,0.8147195982303002,0.8461538461538463,0.7692307692307692,0.7763057929724597,0.7309534175010883,1.2529100529100528,-1.7196094385679415,-6.75748502994012,-0.3162650602409639,2.072639225181598,0.5415086388537715,-0.14432989690721654,-0.13803788077158075,-0.006859165272734669,-0.24256063482582824,0.7300045878574706,0.751082251082251,0.9846753246753246,0.7296920395119117,-0.04018663455749549,0.021416168242330613,0.10266842800528408,0.7884615384615385,1.671387283236994,1.107920792079208,0.06393348362189344,0.9408450704225353,1.0550458715596331,0.06395175349049054,-0.000623933058633841,0.00038022570709195236
0001193125-13-300670,AAPL,2013,3,10-Q,2012-09-30 00:00:00,2013-06-29 00:00:00,2013-07-24 00:00:00,2013-07-24 17:02:02,15516000000.0,8839000000.0,-234000000.0,199856000000.0,68219000000.0,11248000000.0,83005000000.0,31.0,31.0,50433000000.0,10487000000.0,7188000000.0,-4740000000.0,-2091000000.0,906000000.0,-484000000.0,3556000000.0,1697000000.0,76502000000.0,199856000000.0,36319000000.0,29525000000.0,1043000000.0,11464000000.0,38969000000.0,7270000000.0,5421000000.0,20553000000.0,188000000.0,13963000000.0,3307000000.0,104564000000.0,8157000000.0,1698000000.0,123354000000.0,939172000.0,932388000.0,0.040504291845493645,0.24774138904573695,-1.2427385892116183,0.0262551157166111,0.07707974801458861,-0.06678835144777229,0.36732777649655723,0.29166666666666674,0.34782608695652173,0.3481515143414686,0.3187877263581489,0.6881164866134335,0.07191316146540028,-0.4563182527301092,0.9955947136563876,-0.6185973207249803,-0.02788408966648437,0.3630522088353414,0.291107623242705,0.0262551157166111,0.02283992339754426,0.30497237569060776,0.2892459826946847,0.5003271823059809,0.3090902983069068,0.14003449898071185,0.023989421987155257,-0.015094882116158725,1.021505376344086,0.5106567131883588,0.5533114138093,-0.10300929897402467,0.4798621190130623,0.5160714285714285,-0.08957118606539227,-0.007874281923378357,-0.007330137244443313
0001193125-14-024487,AAPL,2014,1,10-Q,2013-09-29 00:00:00,2013-12-28 00:00:00,2014-01-28 00:00:00,2014-01-28 17:07:27,29588000000.0,14200000000.0,-306000000.0,225184000000.0,80347000000.0,14077000000.0,35748000000.0,14.0,14.0,21846000000.0,4637000000.0,3387000000.0,8191000000.0,1098000000.0,358000000.0,319000000.0,1195000000.0,2122000000.0,95500000000.0,225184000000.0,53769000000.0,13072000000.0,246000000.0,4383000000.0,17463000000.0,8574000000.0,5091000000.0,21699000000.0,-5000000.0,5556000000.0,1330000000.0,109431000000.0,3053000000.0,681000000.0,129684000000.0,901452000.0,896072000.0,0.9069347770043825,0.6065165742731078,0.3076923076923077,0.12673124649747813,0.17778038376405392,0.2515113798008535,-0.5693271489669297,-0.5483870967741935,-0.5483870967741935,-0.5668312414490513,-0.5578335081529513,-0.5287979966611018,-2.728059071729958,-1.5251076040172167,-0.6048565121412803,-1.6590909090909092,-0.6639482564679415,0.25044195639363576,0.24833337690517898,0.12673124649747813,0.48046477050579584,-0.5572565622353938,-0.7641418983700863,-0.6176727145847871,-0.5518745669634838,0.17936726272352121,-0.06087437742113999,0.0557582834622683,-1.0265957446808511,-0.6020912411372914,-0.5978228001209556,0.04654565624880447,-0.6257202402844183,-0.598939929328622,0.05131572547302876,-0.040163037228537424,-0.03894945022887464
0001193125-14-157311,AAPL,2014,2,10-Q,2013-09-29 00:00:00,2014-03-29 00:00:00,2014-04-24 00:00:00,2014-04-24 17:02:12,18914000000.0,9700000000.0,-251000000.0,205989000000.0,70541000000.0,18949000000.0,63447000000.0,26.0,26.0,39793000000.0,8232000000.0,5369000000.0,-2375000000.0,-3401000000.0,65000000.0,-14000000.0,1638000000.0,1829000000.0,85810000000.0,205989000000.0,43208000000.0,23295000000.0,471000000.0,8737000000.0,31056000000.0,7528000000.0,5106000000.0,22476000000.0,23000000.0,10869000000.0,2752000000.0,98934000000.0,5985000000.0,1377000000.0,120179000000.0,890490000.0,885415000.0,-0.3607543598756252,-0.31690140845070425,-0.1797385620915033,-0.0852414025863294,-0.12204562709248634,0.3460964694181998,0.7748405505203089,0.8571428571428572,0.8571428571428572,0.8215233910097959,0.7752857450938107,0.5851786241511663,-1.2899523867659626,-4.097449908925318,-0.8184357541899441,-1.0438871473354232,0.3707112970711297,-0.13807728557964183,-0.10146596858638746,-0.0852414025863294,-0.1964142907623352,0.7820532435740515,0.9146341463414633,0.9933835272644307,0.7783885930252534,-0.12199673431303937,0.0029463759575720783,0.03580810175584137,-5.6,0.9562634989200864,1.0691729323308272,-0.09592345861775908,0.9603668522764495,1.0220264317180616,-0.07329354430770185,-0.01216038125158081,-0.011893017525377414
0001193125-14-277160,AAPL,2014,3,10-Q,2013-09-29 00:00:00,2014-06-28 00:00:00,2014-07-23 00:00:00,2014-07-23 16:32:48,20535000000.0,10788000000.0,86000000.0,222520000000.0,67949000000.0,12977000000.0,86144000000.0,5.0,5.0,54528000000.0,10968000000.0,8013000000.0,-2531000000.0,-2314000000.0,-170000000.0,-931000000.0,424000000.0,1594000000.0,101580000000.0,222520000000.0,46205000000.0,31043000000.0,673000000.0,13190000000.0,41338000000.0,7825000000.0,4160000000.0,23287000000.0,-7000000.0,15111000000.0,4355000000.0,98715000000.0,8835000000.0,2101000000.0,120940000000.0,6172857000.0,6136147000.0,0.08570371153642808,0.11216494845360825,-1.342629482071713,0.08025185810892821,-0.03674458825363969,-0.3151617499604201,0.35773165003861496,-0.8076923076923077,-0.8076923076923077,0.3702912572563013,0.3323615160349853,0.4924566958465264,0.06568421052631579,-0.3196118788591591,-3.6153846153846154,65.5,-0.7411477411477412,-0.12848551120831053,0.1837781144388766,0.08025185810892821,0.0693621551564525,0.3326035629963511,0.4288747346072186,0.5096715119606272,0.3310793405461103,0.03945270988310301,-0.18527222875048965,0.03608293290621112,-1.3043478260869565,0.3902842947833287,0.582485465116279,-0.002213596943416829,0.4761904761904763,0.5257806826434277,0.006332221103520608,5.931977899807971,5.93024965694053
0001193125-15-023697,AAPL,2015,1,10-Q,2014-09-28 00:00:00,2014-12-27 00:00:00,2015-01-28 00:00:00,2015-01-28 16:39:32,38001000000.0,16709000000.0,1963000000.0,261894000000.0,83403000000.0,19478000000.0,44858000000.0,3.0,3.0,29741000000.0,6392000000.0,3869000000.0,9003000000.0,-751000000.0,172000000.0,1648000000.0,4667000000.0,2283000000.0,138566000000.0,261894000000.0,73611000000.0,18024000000.0,170000000.0,5495000000.0,24246000000.0,13635000000.0,3608000000.0,28971000000.0,-65000000.0,2807000000.0,1895000000.0,97178000000.0,3600000000.0,888000000.0,123328000000.0,5881803000.0,5843082000.0,0.8505478451424398,0.5488505747126438,21.825581395348838,0.17694589250404458,0.22743528234411103,0.500963242660091,-0.4792672734026746,-0.4,-0.4,-0.45457379694835676,-0.4172137126185266,-0.51715961562461,-4.557092058474911,-0.6754537597234227,-2.011764705882353,-2.770139634801289,10.007075471698114,0.43224592220828106,0.36410710769836574,0.17694589250404458,0.5931392706417054,-0.4193860129497793,-0.7473997028231798,-0.5833965125094769,-0.41346944699791954,0.7424920127795527,-0.13269230769230766,0.2440846824408469,8.285714285714286,-0.814241281185891,-0.5648679678530425,-0.015570075469786726,-0.5925297113752122,-0.5773441218467397,0.01974532826194797,-0.047150614375158884,-0.04776042686069937
0001193125-15-153166,AAPL,2015,2,10-Q,2014-09-28 00:00:00,2015-03-28 00:00:00,2015-04-28 00:00:00,2015-04-28 17:01:16,23159000000.0,10905000000.0,2710000000.0,261194000000.0,67891000000.0,14489000000.0,79212000000.0,5.0,5.0,53397000000.0,11387000000.0,7058000000.0,-5428000000.0,-6555000000.0,285000000.0,-2448000000.0,5679000000.0,2396000000.0,132188000000.0,261194000000.0,58729000000.0,31593000000.0,456000000.0,10873000000.0,42524000000.0,9094000000.0,3937000000.0,29816000000.0,-88000000.0,5871000000.0,3813000000.0,100920000000.0,7060000000.0,1815000000.0,129006000000.0,5858330000.0,5818441000.0,-0.3905686692455461,-0.34735771141301097,0.38053998981151294,-0.0026728371020336983,-0.18598851360262825,-0.25613512680973405,0.7658388693209683,0.6666666666666667,0.6666666666666667,0.7954002891631082,0.7814455569461827,0.8242439906952701,-1.6029101410640898,7.728362183754994,0.6569767441860466,-2.4854368932038833,0.21684165416755952,0.04949627682873414,-0.04602860730626557,-0.0026728371020336983,-0.20217087120131505,0.7528295605858855,1.6823529411764704,0.9787079162875341,0.7538563061948362,-0.33303997066373303,0.09118625277161851,0.02916709813261531,0.3538461538461539,1.0915568222301388,1.012137203166227,0.03850665788552954,0.961111111111111,1.0439189189189189,0.04603982874935131,-0.003990783098311912,-0.004217123771324771
0001193125-15-259935,AAPL,2015,3,10-Q,2014-09-28 00:00:00,2015-06-27 00:00:00,2015-07-22 00:00:00,2015-07-22 17:01:17,26474000000.0,10370000000.0,1098000000.0,273151000000.0,70953000000.0,15319000000.0,109136000000.0,7.0,7.0,73078000000.0,15183000000.0,10604000000.0,-3263000000.0,-7090000000.0,-69000000.0,-2286000000.0,4448000000.0,2042000000.0,147474000000.0,273151000000.0,65285000000.0,42270000000.0,846000000.0,16471000000.0,56607000000.0,9291000000.0,4081000000.0,31296000000.0,-134000000.0,9916000000.0,5847000000.0,98252000000.0,10624000000.0,2671000000.0,125677000000.0,5829920000.0,5788922000.0,0.143140895548167,-0.04906006419073816,-0.5948339483394833,0.04577823380322665,0.045101707148222925,0.05728483677272411,0.3777710447911933,0.3999999999999999,0.3999999999999999,0.36857875910631677,0.33336260648107485,0.5024086143383395,-0.3988577745025792,0.0816170861937453,-1.2421052631578948,-0.06617647058823528,-0.2167635147032928,-0.1477462437395659,0.11563833328290007,0.04577823380322665,0.11163139164637581,0.3379546101984616,0.855263157894737,0.5148533063551917,0.33117768789389523,0.0216626347042006,0.03657607315214628,0.049637778374027386,0.5227272727272727,0.6889797308805996,0.5334382376081825,-0.02643678160919538,0.504815864022663,0.47162534435261705,-0.025805001317768195,-0.004849504893032708,-0.005073352123017183
0001193125-16-439878,AAPL,2016,1,10-Q,2015-09-27 00:00:00,2015-12-26 00:00:00,2016-01-27 00:00:00,2016-01-27 16:32:03,33312000000.0,12953000000.0,-1480000000.0,293284000000.0,76219000000.0,16689000000.0,45449000000.0,3.0,3.0,30423000000.0,6212000000.0,3398000000.0,-852000000.0,-3896000000.0,102000000.0,893000000.0,-368000000.0,2451000000.0,165017000000.0,293284000000.0,76092000000.0,18361000000.0,402000000.0,6252000000.0,24171000000.0,11073000000.0,7974000000.0,32175000000.0,298000000.0,3514000000.0,2404000000.0,101494000000.0,3848000000.0,1078000000.0,128267000000.0,5594127000.0,5558930000.0,0.25829115358464905,0.2490838958534234,-2.347905282331512,0.07370648469161756,0.07421814440545149,0.08943142502774326,-0.5835562967306847,-0.5714285714285714,-0.5714285714285714,-0.583691398232026,-0.5908581966673253,-0.6795548849490758,-0.7388905914802328,-0.45049365303244004,-2.4782608695652173,-1.3906386701662292,-1.0827338129496402,0.20029382957884434,0.11895656183462844,0.07370648469161756,0.16553572796201266,-0.5656257392950083,-0.524822695035461,-0.6204237751199078,-0.5730033388096878,0.191798514691637,0.953932859593237,0.028086656441717706,-3.2238805970149254,-0.645623235175474,-0.5888489823841286,0.032996783780482764,-0.6378012048192772,-0.5964058405091726,0.020608384986910977,-0.04044532343496998,-0.039729676786109724
0001193125-16-559625,AAPL,2016,2,10-Q,2015-09-27 00:00:00,2016-03-26 00:00:00,2016-04-27 00:00:00,2016-04-27 16:32:53,25098000000.0,12229000000.0,-1048000000.0,305277000000.0,87592000000.0,21514000000.0,76085000000.0,5.0,5.0,50344000000.0,9838000000.0,6630000000.0,-9475000000.0,-4620000000.0,-68000000.0,-300000000.0,-2093000000.0,2281000000.0,174820000000.0,305277000000.0,68265000000.0,28877000000.0,557000000.0,12186000000.0,38158000000.0,10204000000.0,7745000000.0,33859000000.0,322000000.0,9148000000.0,4915000000.0,102021000000.0,7271000000.0,2126000000.0,130457000000.0,5567506000.0,5536656000.0,-0.24657780979827093,-0.05589438740060215,-0.2918918918918919,0.04089210458122494,0.14921476272320544,0.28911258913056503,0.674074237056921,0.6666666666666667,0.6666666666666667,0.6548006442494165,0.5837089504185446,0.9511477339611536,10.120892018779342,0.18583162217659144,-1.6666666666666665,-1.335946248600224,4.6875,-0.06935944512443903,0.05940600059387813,0.04089210458122494,-0.10286232455448663,0.5727356897772453,0.38557213930348255,0.9491362763915547,0.5786686525174796,-0.07847918359974715,-0.028718334587409133,0.052338772338772266,0.08053691275167796,1.603301081388731,1.0445091514143097,0.005192425167990233,0.8895530145530146,0.9721706864564008,0.01707376020332596,-0.004758740729339905,-0.0040068862173116004
0001628280-16-017809,AAPL,2016,3,10-Q,2015-09-27 00:00:00,2016-06-25 00:00:00,2016-07-27 00:00:00,2016-07-27 16:32:36,26318000000.0,11714000000.0,-107000000.0,305602000000.0,93761000000.0,18237000000.0,102337000000.0,6.0,6.0,66450000000.0,12511000000.0,8990000000.0,-9622000000.0,-5135000000.0,-518000000.0,-1143000000.0,-5495000000.0,1831000000.0,179061000000.0,305602000000.0,71486000000.0,36673000000.0,921000000.0,18187000000.0,48263000000.0,11132000000.0,7862000000.0,35572000000.0,321000000.0,14915000000.0,7475000000.0,96542000000.0,10712000000.0,3180000000.0,126541000000.0,5535931000.0,5505456000.0,0.04860945095226721,-0.042113010058058675,-0.8979007633587787,0.0010646068979975887,0.07042880628367887,-0.152319419912615,0.3450351580469213,0.19999999999999996,0.19999999999999996,0.31991895757190525,0.27170156535881285,0.3559577677224737,0.015514511873350845,0.1114718614718615,6.617647058823529,2.81,1.6254180602006687,-0.19728189390618145,0.024259238073446987,0.0010646068979975887,0.04718376913498856,0.2699726425875264,0.6535008976660681,0.4924503528639421,0.2648199591173541,0.09094472755782057,0.015106520335700369,0.050592161611388464,-0.0031055900621117516,0.6304110188019239,0.5208545269582909,-0.05370462943903709,0.4732498968505019,0.49576669802445905,-0.030017553676690456,-0.005671300578751093,-0.0056351703988833934
0001628280-17-000717,AAPL,2017,1,10-Q,2016-09-25 00:00:00,2016-12-31 00:00:00,2017-02-01 00:00:00,2017-02-01 16:33:29,38510000000.0,14057000000.0,245000000.0,331141000000.0,103332000000.0,16371000000.0,48175000000.0,3.0,3.0,30176000000.0,6289000000.0,3510000000.0,2460000000.0,-1697000000.0,580000000.0,1446000000.0,1946000000.0,2712000000.0,198751000000.0,331141000000.0,84130000000.0,17891000000.0,821000000.0,6817000000.0,23359000000.0,12191000000.0,7390000000.0,37901000000.0,104000000.0,6525000000.0,2871000000.0,100001000000.0,3946000000.0,1256000000.0,132390000000.0,5327995000.0,5298661000.0,0.46325708640474206,0.2000170735871607,-3.289719626168224,0.08356947925733471,0.10207868943377307,-0.10231946043757201,-0.5292513949011599,-0.5,-0.5,-0.5458841234010534,-0.49732235632643274,-0.6095661846496107,-1.2556641030970692,-0.66952288218111,-2.1196911196911197,-2.2650918635170605,-1.354140127388535,0.4811578372474057,0.1099625267366986,0.08356947925733471,0.17687379347005017,-0.5121479017260655,-0.10857763300760048,-0.6251718260295815,-0.5160060501833703,0.09513115343154865,-0.06003561434749427,0.06547284380973806,-0.67601246105919,-0.5625209520616828,-0.6159197324414716,0.0358289656315387,-0.6316280806572069,-0.6050314465408805,0.04622217305063181,-0.03756116179916258,-0.03756182957415333
0001628280-17-004790,AAPL,2017,2,10-Q,2016-09-25 00:00:00,2017-04-01 00:00:00,2017-05-03 00:00:00,2017-05-03 16:32:23,28573000000.0,11579000000.0,-422000000.0,334532000000.0,101990000000.0,15157000000.0,80480000000.0,5.0,5.0,50767000000.0,9944000000.0,6878000000.0,-6862000000.0,-4183000000.0,778000000.0,896000000.0,316000000.0,2910000000.0,200450000000.0,334532000000.0,73342000000.0,28920000000.0,1408000000.0,13311000000.0,37456000000.0,11367000000.0,7549000000.0,39470000000.0,-116000000.0,12429000000.0,5647000000.0,100925000000.0,7664000000.0,2473000000.0,134082000000.0,5294841000.0,5262226000.0,-0.25803687353934046,-0.17628227929145623,-2.722448979591837,0.010240350787126928,-0.012987264351798089,-0.07415551890538141,0.6705760249091852,0.6666666666666667,0.6666666666666667,0.6823634676564156,0.5811734775003976,0.9595441595441596,-3.789430894308943,1.464938126104891,0.3413793103448275,-0.38035961272475793,-0.8376156217882836,0.07300884955752207,0.008548384662215636,0.010240350787126928,-0.12823012005230006,0.6164552009390196,0.7149817295980512,0.9526184538653366,0.6034933002268932,-0.06759084570584861,0.0215155615696887,0.04139732460884926,-2.1153846153846154,0.9048275862068966,0.9669104841518634,0.009239907600923969,0.9422199695894578,0.9689490445859872,0.012780421481985105,-0.006222603437127883,-0.006876265531990056
0000320193-17-000009,AAPL,2017,3,10-Q,2016-09-25 00:00:00,2017-07-01 00:00:00,2017-08-02 00:00:00,2017-08-02 16:31:28,31915000000.0,12399000000.0,-545000000.0,345173000000.0,112875000000.0,18571000000.0,108400000000.0,7.0,7.0,68255000000.0,12535000000.0,9752000000.0,-5212000000.0,-3381000000.0,1014000000.0,3229000000.0,-2476000000.0,3146000000.0,212748000000.0,345173000000.0,81302000000.0,37637000000.0,1948000000.0,20031000000.0,48224000000.0,10338000000.0,10150000000.0,38598000000.0,-313000000.0,19347000000.0,8584000000.0,98525000000.0,11447000000.0,3666000000.0,132425000000.0,5274394000.0,5239847000.0,0.11696356700381472,0.0708178599188185,0.2914691943127963,0.03180861621608688,0.10672614962251203,0.22524246222867328,0.3469184890656063,0.3999999999999999,0.3999999999999999,0.34447574211594145,0.2605591311343525,0.41785402733352717,-0.2404546779364617,-0.19172842457566341,0.3033419023136248,2.603794642857143,-8.835443037974684,0.08109965635738825,0.06135195809428784,0.03180861621608688,0.10853262796214991,0.30141770401106505,0.3835227272727273,0.5048456164074826,0.2874839812046135,-0.09052520453945634,0.3445489468803815,-0.022092728654674487,1.6982758620689653,0.5566014965001207,0.5200991676996636,-0.023780034679217188,0.49360647181628403,0.48241002830570157,-0.012358109216747959,-0.0038616834764254593,-0.004252762994215731
0000320193-18-000007,AAPL,2018,1,10-Q,2017-10-01 00:00:00,2017-12-30 00:00:00,2018-02-02 00:00:00,2018-02-02 08:01:26,62985000000.0,23440000000.0,-841000000.0,406794000000.0,143810000000.0,27491000000.0,54381000000.0,3.0,3.0,33912000000.0,6965000000.0,3551000000.0,14588000000.0,5570000000.0,-434000000.0,197000000.0,37549000000.0,4421000000.0,266595000000.0,406794000000.0,115788000000.0,20065000000.0,756000000.0,7638000000.0,26274000000.0,11337000000.0,13323000000.0,43754000000.0,-64000000.0,14048000000.0,3407000000.0,104593000000.0,4231000000.0,1296000000.0,140199000000.0,5157787000.0,5112877000.0,0.9735234215885946,0.890475038309541,0.5431192660550459,0.17852207443803536,0.2740642303433001,0.48031877658715194,-0.49833025830258304,-0.5714285714285714,-0.5714285714285714,-0.5031572778551021,-0.44435580374950134,-0.6358695652173914,-3.7989255564082884,-2.6474415853297844,-1.428007889546351,-0.9389903995044906,-16.16518578352181,0.405276541640178,0.25310226183089846,0.17852207443803536,0.4241716070945365,-0.46688099476578904,-0.6119096509240247,-0.618691028905197,-0.45516755142667553,0.09663377829367392,0.31261083743842355,0.13358205088346553,-0.7955271565495208,-0.2738925931668993,-0.6030987884436161,0.061588429332656736,-0.6303835065956146,-0.646481178396072,0.05870492731734944,-0.022108132232821487,-0.024231623556947413
0000320193-18-000070,AAPL,2018,2,10-Q,2017-10-01 00:00:00,2018-03-31 00:00:00,2018-05-02 00:00:00,2018-05-02 16:32:12,34311000000.0,14324000000.0,-3064000000.0,367502000000.0,130053000000.0,45059000000.0,92096000000.0,6.0,6.0,57334000000.0,9311000000.0,6340000000.0,-13220000000.0,-3523000000.0,2807000000.0,1053000000.0,39158000000.0,7662000000.0,240624000000.0,367502000000.0,89320000000.0,33887000000.0,1030000000.0,15166000000.0,42168000000.0,12043000000.0,23086000000.0,46855000000.0,-53000000.0,31884000000.0,6785000000.0,91898000000.0,8381000000.0,2644000000.0,126878000000.0,5113140000.0,5068877000.0,-0.45525125029769,-0.38890784982935156,2.6432818073721758,-0.09658942855597674,-0.09566094152006122,0.6390455058018989,0.6935326676596605,1.0,1.0,0.6906699693323897,0.33682699210337397,0.7854125598422979,-1.906224293940225,-1.632495511669659,-7.467741935483871,4.345177664974619,0.042850675117845904,0.7330920606197693,-0.09741743093456368,-0.09658942855597674,-0.22859018205686255,0.6888612010964366,0.36243386243386233,0.9855983241686306,0.6049326330212377,0.062273970186116356,0.7327929145087442,0.0708735201353019,-0.171875,1.269646924829157,0.9914881127091282,-0.12137523543640583,0.9808555896951074,1.0401234567901234,-0.09501494304524283,-0.00865623182965869,-0.008605722375093272
0000320193-18-000100,AAPL,2018,3,10-Q,2017-10-01 00:00:00,2018-06-30 00:00:00,2018-08-01 00:00:00,2018-08-01 16:31:48,38489000000.0,14104000000.0,-3111000000.0,349197000000.0,115761000000.0,31971000000.0,124940000000.0,9.0,8.0,77755000000.0,11076000000.0,8819000000.0,-11139000000.0,-3756000000.0,1114000000.0,65000000.0,37009000000.0,5936000000.0,234248000000.0,349197000000.0,88548000000.0,45406000000.0,1702000000.0,22975000000.0,54780000000.0,12488000000.0,22546000000.0,45694000000.0,523000000.0,46290000000.0,10486000000.0,79436000000.0,12489000000.0,3995000000.0,114949000000.0,5050963000.0,5006640000.0,0.12176852904316404,-0.0153588383133203,0.01533942558746726,-0.04980925273876058,-0.10989365873912949,-0.2904636143722674,0.3566278665740097,0.5,0.33333333333333326,0.35617609097568637,0.18956073461497147,0.39100946372239753,-0.1574130105900151,0.06613681521430603,-0.6031350195938725,-0.9382716049382716,-0.05488022881658916,-0.22526755416340383,-0.026497772458275115,-0.04980925273876058,-0.008643081056874169,0.33992386460884716,0.6524271844660194,0.5149017539232494,0.2990893568582811,0.03695092584904103,-0.023390799618816627,-0.024778572190801373,-10.867924528301886,0.4518253669552126,0.5454679439941046,-0.13560686848462422,0.49015630593007997,0.5109682299546143,-0.0940194517568057,-0.012160238131559087,-0.012278262029242426
0000320193-19-000010,AAPL,2019,1,10-Q,2018-09-30 00:00:00,2018-12-29 00:00:00,2019-01-30 00:00:00,2019-01-30 16:31:37,44293000000.0,18077000000.0,-3588000000.0,373719000000.0,140828000000.0,44771000000.0,52279000000.0,4.0,4.0,32031000000.0,3941000000.0,4916000000.0,-8501000000.0,-5130000000.0,1076000000.0,886000000.0,570000000.0,4988000000.0,255827000000.0,373719000000.0,108283000000.0,19965000000.0,560000000.0,8685000000.0,23346000000.0,12432000000.0,34686000000.0,54555000000.0,56000000.0,7203000000.0,3902000000.0,80510000000.0,4783000000.0,1559000000.0,117892000000.0,4773252000.0,4735820000.0,0.15079633141936655,0.2816931366988089,0.1533269045323047,0.07022397099631439,0.2165409766674442,0.4003628288136123,-0.5815671522330719,-0.5555555555555556,-0.5,-0.5880522152916211,-0.6441856265799928,-0.4425671844880372,-0.23682556782475983,0.36581469648562304,-0.03411131059245964,12.63076923076923,-0.9845983409440947,-0.15970350404312672,0.09212031692906653,0.07022397099631439,0.22287346975651623,-0.5603004008280844,-0.6709753231492361,-0.6219804134929271,-0.5738225629791895,-0.004484304932735439,0.538454714805287,0.19392042718956537,-0.892925430210325,-0.8443940375891121,-0.6278847987793248,0.013520318243617435,-0.6170229802225959,-0.6097622027534417,0.0256026585703224,-0.05498179258093949,-0.05409216560407781
0000320193-19-000066,AAPL,2019,2,10-Q,2018-09-30 00:00:00,2019-03-30 00:00:00,2019-05-01 00:00:00,2019-05-01 16:32:00,30443000000.0,15085000000.0,-1499000000.0,341998000000.0,123346000000.0,37988000000.0,88473000000.0,6.7,6.66,53852000000.0,6173000000.0,9497000000.0,-20024000000.0,-8094000000.0,1006000000.0,717000000.0,-3273000000.0,4884000000.0,236138000000.0,341998000000.0,93772000000.0,31526000000.0,938000000.0,17091000000.0,36761000000.0,12092000000.0,34587000000.0,52165000000.0,-30000000.0,16880000000.0,7850000000.0,64558000000.0,9241000000.0,3073000000.0,105860000000.0,4736949000.0,4704945000.0,-0.3126904928544014,-0.1655141893013221,-0.5822185061315497,-0.08487928095708275,-0.12413724543414661,-0.15150432199414798,0.6923238776564204,0.675,0.665,0.6812462926539915,0.5663537173306268,0.9318551668022783,1.35548758969533,0.5777777777777777,-0.06505576208178443,-0.19074492099322804,-6.742105263157895,-0.020850040096230926,-0.07696216583863313,-0.08487928095708275,-0.13400995539466032,0.5790633608815428,0.675,0.9678756476683938,0.5746166366829435,-0.027348777348777387,-0.00285417747794503,-0.043809000091650674,-1.5357142857142856,1.3434679994446759,1.0117888262429524,-0.1981368774065333,0.9320510140079448,0.971135343168698,-0.10205951209581654,-0.00760550668600779,-0.006519462310645263
0000320193-19-000076,AAPL,2019,3,10-Q,2018-09-30 00:00:00,2019-06-29 00:00:00,2019-07-31 00:00:00,2019-07-31 16:31:53,29115000000.0,14148000000.0,-639000000.0,322239000000.0,134973000000.0,50530000000.0,122055000000.0,8.92,8.86,74079000000.0,8040000000.0,11795000000.0,-19804000000.0,-9013000000.0,-496000000.0,-693000000.0,-8753000000.0,3355000000.0,225783000000.0,322239000000.0,89704000000.0,41570000000.0,1305000000.0,25774000000.0,48305000000.0,10530000000.0,33634000000.0,51143000000.0,268000000.0,26783000000.0,12107000000.0,53724000000.0,13667000000.0,4569000000.0,96456000000.0,4691759000.0,4660175000.0,-0.04362250763722364,-0.06211468346039106,-0.5737158105403602,-0.05777519166778755,0.09426329187813143,0.33015689164999484,0.37957342918178427,0.33134328358208953,0.3303303303303302,0.3756035059050731,0.3024461364004536,0.24197114878382653,-0.010986815821014795,0.11354089448974558,-1.4930417495029822,-1.9665271966527196,1.6743049190345247,-0.3130630630630631,-0.04385147667889111,-0.05777519166778755,-0.043381819732969285,0.31859417623548825,0.3912579957356077,0.5080451699725002,0.31402845406817015,-0.12917631491895465,-0.02755370514933353,-0.019591680245375276,-9.933333333333334,0.586670616113744,0.5422929936305732,-0.16781808606214565,0.4789524943187966,0.4868206963878945,-0.08883430946533155,-0.009539895827461953,-0.009515520372714192
0000320193-20-000010,AAPL,2020,1,10-Q,2019-09-29 00:00:00,2019-12-28 00:00:00,2020-01-29 00:00:00,2020-01-28 18:02:44,45111000000.0,20970000000.0,-418000000.0,340618000000.0,163231000000.0,39771000000.0,56602000000.0,5.04,4.99,35217000000.0,3682000000.0,4393000000.0,-1089000000.0,-2015000000.0,28000000.0,7054000000.0,5514000000.0,4097000000.0,251087000000.0,340618000000.0,102161000000.0,22236000000.0,349000000.0,9648000000.0,25569000000.0,12026000000.0,40457000000.0,55848000000.0,130000000.0,19740000000.0,4451000000.0,43977000000.0,5197000000.0,1710000000.0,89531000000.0,4454604000.0,4415040000.0,0.54940752189593,0.4821882951653944,-0.3458528951486698,0.0570353060926827,0.2093603905966379,-0.21292301603008112,-0.5362582442341568,-0.43497757847533636,-0.43679458239277646,-0.5246021139594217,-0.5420398009950249,-0.6275540483255617,-0.9450111088668955,-0.7764340397204039,-1.0564516129032258,-11.178932178932179,-1.6299554438478236,0.2211624441132638,0.1120722109281922,0.0570353060926827,0.1388678319807366,-0.465095020447438,-0.7325670498084291,-0.6256692791184915,-0.47067591346651483,0.14207027540360873,0.20286020098709634,0.09199694972919059,-0.5149253731343284,-0.2629653138184669,-0.6323614437928471,-0.18142729506365873,-0.6197409819272701,-0.6257386736703874,-0.0717943932984988,-0.05054714020903461,-0.05260210185239822
0000320193-20-000052,AAPL,2020,2,10-Q,2019-09-29 00:00:00,2020-03-28 00:00:00,2020-05-01 00:00:00,2020-04-30 18:03:10,32421000000.0,15722000000.0,-2789000000.0,320400000000.0,143753000000.0,40174000000.0,92545000000.0,7.63,7.56,57587000000.0,5568000000.0,7505000000.0,-13520000000.0,-7284000000.0,-699000000.0,8866000000.0,7500000000.0,3334000000.0,241975000000.0,320400000000.0,96094000000.0,33485000000.0,631000000.0,19165000000.0,38422000000.0,15691000000.0,41965000000.0,56795000000.0,426000000.0,39738000000.0,9016000000.0,33182000000.0,10149000000.0,3407000000.0,78425000000.0,4429648000.0,4387570000.0,-0.28130611159140784,-0.2502622794468288,5.672248803827751,-0.05935681614007482,-0.11932782375896733,0.010133011490784716,0.6350128970707749,0.5138888888888888,0.5150300601202404,0.6352045886929607,0.5122216186854971,0.7083997268381517,11.415059687786961,2.6148883374689826,-25.964285714285715,0.25687553161326915,0.3601741022850924,-0.18623382963143764,-0.03629021016619738,-0.05935681614007482,-0.05938665439844948,0.505891347364634,0.8080229226361031,0.986422056384743,0.5026790253822988,0.3047563612173625,0.03727414291717124,0.016956739722102876,2.276923076923077,1.0130699088145896,1.0256122219725903,-0.24546922254815018,0.9528574177410045,0.9923976608187135,-0.12404641967586649,-0.005602293716792772,-0.006221914184243005
0000320193-20-000062,AAPL,2020,3,10-Q,2019-09-29 00:00:00,2020-06-27 00:00:00,2020-07-31 00:00:00,2020-07-30 19:29:09,35325000000.0,17882000000.0,-550000000.0,317344000000.0,140065000000.0,33383000000.0,129550000000.0,10.25,10.16,80267000000.0,7452000000.0,8410000000.0,-10787000000.0,-5149000000.0,-10000000.0,6760000000.0,3867000000.0,3978000000.0,245062000000.0,317344000000.0,95318000000.0,44738000000.0,677000000.0,28754000000.0,51513000000.0,10987000000.0,41000000000.0,55696000000.0,689000000.0,54865000000.0,13774000000.0,24136000000.0,14980000000.0,5105000000.0,72282000000.0,4404695000.0,4362571000.0,0.08957157397982796,0.13738710087775097,-0.8027967013266404,-0.00953807740324597,-0.02565511676278065,-0.16903967740329562,0.39985952779728784,0.3433813892529489,0.34391534391534395,0.3938388872488583,0.33836206896551735,0.12058627581612269,-0.2021449704142012,-0.293108182317408,-0.9856938483547926,-0.2375366568914956,-0.48440000000000005,0.19316136772645476,0.012757516272342118,-0.00953807740324597,-0.008075426145232822,0.3360609228012543,0.07290015847860531,0.5003391599269502,0.3407162563114883,-0.29978968835638264,-0.022995353270582664,-0.01935029492032747,0.6173708920187793,0.3806683778750817,0.5277284826974269,-0.27261768428666144,0.47600748842250473,0.49838567654828303,-0.07832961428116036,-0.005633178979458364,-0.005697686874511443
0000320193-21-000010,AAPL,2021,1,10-Q,2020-09-27 00:00:00,2020-12-26 00:00:00,2021-01-28 00:00:00,2021-01-27 18:03:06,63846000000.0,27101000000.0,179000000.0,354054000000.0,154106000000.0,36010000000.0,67111000000.0,1.7,1.68,44328000000.0,4824000000.0,1787000000.0,21670000000.0,10945000000.0,950000000.0,3526000000.0,7959000000.0,4973000000.0,287830000000.0,354054000000.0,132507000000.0,28755000000.0,45000000.0,10794000000.0,33534000000.0,13687000000.0,43270000000.0,56042000000.0,-204000000.0,25177000000.0,5163000000.0,14301000000.0,5631000000.0,2020000000.0,66224000000.0,17113688000.0,16935119000.0,0.807388535031847,0.5155463594676211,-1.3254545454545454,0.11567888474337007,0.10024631421125907,0.07869274780576951,-0.48196835198764953,-0.8341463414634146,-0.8346456692913387,-0.4477431572128022,-0.3526570048309179,-0.7875148632580262,-3.008899601372022,-3.1256554670809864,-96.0,-0.47840236686390536,1.0581846392552365,0.2501256913021619,0.17451910128865356,0.11567888474337007,0.39015715814431684,-0.35725781215074437,-0.9335302806499262,-0.6246087500869444,-0.3490186943101742,0.24574497132975326,0.055365853658536635,0.0062122953174374995,-1.2960812772133528,-0.5411099972660166,-0.6251633512414694,-0.4074825986078886,-0.6240987983978639,-0.604309500489716,-0.08381063058576133,2.8853287231011455,2.881912523601335
0000320193-21-000056,AAPL,2021,2,10-Q,2020-09-27 00:00:00,2021-03-27 00:00:00,2021-04-29 00:00:00,2021-04-28 18:02:54,40127000000.0,18503000000.0,-286000000.0,337158000000.0,121465000000.0,38466000000.0,118616000000.0,3.11,3.08,82407000000.0,9205000000.0,10276000000.0,-1997000000.0,2347000000.0,1226000000.0,4333000000.0,3045000000.0,5219000000.0,267980000000.0,337158000000.0,106385000000.0,52385000000.0,553000000.0,21370000000.0,61037000000.0,13376000000.0,43339000000.0,52953000000.0,0.0,39605000000.0,10425000000.0,15261000000.0,10945000000.0,4001000000.0,69178000000.0,17021423000.0,16844298000.0,-0.3715033048272406,-0.3172576657687908,-2.5977653631284916,-0.0477215340032876,-0.2118087550127834,0.06820327686753669,0.7674598799004635,0.8294117647058823,0.8333333333333335,0.8590281537628588,0.9081674958540631,4.750419697817572,-1.0921550530687587,-0.7855641845591594,0.29052631578947374,0.22887124220079413,-0.6174142480211082,0.049467122461291035,-0.06896431921620405,-0.0477215340032876,-0.19713675503935646,0.8217701269344462,11.28888888888889,0.9798035945895869,0.8201526808612154,-0.02272229122525027,0.0015946383175409196,-0.05511937475464834,-1.0,0.5730627159709258,1.0191748983149331,0.06712817285504502,0.9437044929852603,0.9806930693069307,0.044606185068857274,-0.0053912984740636105,-0.005362879351482608
0000320193-21-000065,AAPL,2021,3,10-Q,2020-09-27 00:00:00,2021-06-26 00:00:00,2021-07-28 00:00:00,2021-07-27 18:03:42,40409000000.0,17475000000.0,58000000.0,329840000000.0,114423000000.0,34050000000.0,164795000000.0,4.42,4.38,117662000000.0,11830000000.0,18536000000.0,-1786000000.0,1316000000.0,1213000000.0,5899000000.0,463000000.0,5178000000.0,265560000000.0,329840000000.0,107754000000.0,74129000000.0,796000000.0,32499000000.0,85163000000.0,13641000000.0,44854000000.0,52054000000.0,78000000.0,49880000000.0,16142000000.0,9233000000.0,16357000000.0,5961000000.0,64280000000.0,16941527000.0,16772656000.0,0.00702768709347823,-0.0555585580716641,-1.2027972027972027,-0.021704957319713558,-0.057975548511917,-0.11480268288878492,0.38931510082956766,0.4212218649517685,0.42207792207792205,0.42781559818947423,0.28517110266159706,0.8038147138964578,-0.10565848773159736,-0.4392841925862804,-0.010603588907014627,0.36141241633971855,-0.8479474548440066,-0.007855911094079349,-0.009030524666019835,-0.021704957319713558,0.012868355501245432,0.4150806528586428,0.43942133815551543,0.5207767898923725,0.3952684437308518,0.019811602870813294,0.034956967165832076,-0.016977319509753896,inf,0.25943693978033067,0.5483932853717026,-0.3949937749819802,0.4944723618090452,0.48987753061734574,-0.0708028563994334,-0.004693849627025903,-0.004253190011243024
0000320193-22-000007,AAPL,2022,1,10-Q,2021-09-26 00:00:00,2021-12-25 00:00:00,2022-01-28 00:00:00,2022-01-27 18:00:58,74362000000.0,30213000000.0,-927000000.0,381191000000.0,153154000000.0,37119000000.0,69702000000.0,2.11,2.1,54243000000.0,6611000000.0,5235000000.0,19813000000.0,3934000000.0,-681000000.0,4921000000.0,4236000000.0,5876000000.0,309259000000.0,381191000000.0,147574000000.0,34630000000.0,-247000000.0,12755000000.0,41488000000.0,18112000000.0,50109000000.0,55056000000.0,374000000.0,11309000000.0,6306000000.0,14435000000.0,6449000000.0,2265000000.0,71932000000.0,16519291000.0,16391724000.0,0.8402336113242099,0.7289270386266093,-16.982758620689655,0.15568457433907357,0.3384896393207659,0.09013215859030832,-0.5770381382930307,-0.5226244343891403,-0.5205479452054794,-0.5389930478829188,-0.4411665257819104,-0.7175766076823479,-12.09350503919373,1.9893617021276597,-1.5614179719703216,-0.16579081200203427,8.14902807775378,0.13480108149864822,0.16455414972134363,0.15568457433907357,0.3695454461087291,-0.5328413981033064,-1.3103015075376885,-0.6075263854272439,-0.5128400831346946,0.32776189428927505,0.1171578900432515,0.05767088023975098,3.7948717948717947,-0.7732758620689655,-0.6093420889604757,0.5634138416549335,-0.6057345478999816,-0.6200301962757926,0.11904169259489739,-0.02492313709384053,-0.02271148946237256
0000320193-22-000059,AAPL,2022,2,10-Q,2021-09-26 00:00:00,2022-03-26 00:00:00,2022-04-29 00:00:00,2022-04-28 18:03:58,52682000000.0,20815000000.0,-6494000000.0,350662000000.0,118180000000.0,28098000000.0,124421000000.0,3.65,3.62,96802000000.0,11740000000.0,9301000000.0,-1750000000.0,-5542000000.0,-1065000000.0,3542000000.0,1888000000.0,5460000000.0,283263000000.0,350662000000.0,127508000000.0,59640000000.0,-87000000.0,25335000000.0,71467000000.0,15809000000.0,51959000000.0,52432000000.0,568000000.0,18000000000.0,12693000000.0,12712000000.0,12642000000.0,4517000000.0,67399000000.0,16461304000.0,16335263000.0,-0.2915467577526156,-0.3110581537748651,6.005393743257821,-0.08008845959112365,-0.22835838437128642,-0.24302917643255473,0.7850420360965251,0.7298578199052133,0.7238095238095237,0.7845989344247184,0.7758281651792467,0.7766953199617956,-1.0883258466663301,-2.4087442806304016,0.5638766519823788,-0.2802275960170697,-0.554296506137866,-0.07079646017699115,-0.08405899262430516,-0.08008845959112365,-0.13597246127366613,0.7222061796130523,-0.6477732793522267,0.9862798902391219,0.7225944851523332,-0.12715326855123676,0.03691951545630534,-0.047660563789596044,0.518716577540107,0.5916526660182155,1.0128449096098953,-0.11936266020090058,0.960303923088851,0.994260485651214,-0.0630178501918478,-0.003510259611020805,-0.00344448210572601
0000320193-22-000070,AAPL,2022,3,10-Q,2021-09-26 00:00:00,2022-06-25 00:00:00,2022-07-29 00:00:00,2022-07-28 18:06:56,48343000000.0,21803000000.0,-9297000000.0,336309000000.0,112292000000.0,27502000000.0,171495000000.0,4.86,4.82,132687000000.0,15364000000.0,12251000000.0,-6108000000.0,-4561000000.0,-1049000000.0,3289000000.0,-14000000.0,5433000000.0,278202000000.0,336309000000.0,129873000000.0,79082000000.0,-97000000.0,38144000000.0,94543000000.0,16386000000.0,52605000000.0,53629000000.0,1183000000.0,24203000000.0,19490000000.0,5289000000.0,18654000000.0,6760000000.0,58107000000.0,16394937000.0,16277824000.0,-0.08236209711096765,0.04746576987749229,0.4316291961810903,-0.04093115307618167,-0.04982230495853779,-0.021211474126272334,0.3783444916854872,0.3315068493150686,0.33149171270718236,0.3707051507200265,0.3086882453151618,0.31717019675303737,2.490285714285714,-0.1770119090581017,-0.015023474178403773,-0.0714285714285714,-1.007415254237288,-0.0049450549450549275,-0.017866788108577558,-0.04093115307618167,0.0185478558208112,0.3259892689470154,0.11494252873563227,0.5055851588711269,0.32289028502665573,0.036498197229426266,0.012432879770588379,0.022829569728410215,1.0827464788732395,0.3446111111111112,0.5354920034664776,-0.5839364380113279,0.4755576649264357,0.4965685189284923,-0.13786554696657216,-0.0040316976103472735,-0.0035162580486154393
0000320193-23-000006,AAPL,2023,1,10-Q,2022-09-25 00:00:00,2022-12-31 00:00:00,2023-02-03 00:00:00,2023-02-02 18:01:30,57918000000.0,23752000000.0,-12912000000.0,346747000000.0,128777000000.0,20535000000.0,66822000000.0,1.89,1.88,50332000000.0,5625000000.0,828000000.0,-6075000000.0,-4275000000.0,1807000000.0,4099000000.0,3758000000.0,6820000000.0,290020000000.0,346747000000.0,137286000000.0,29998000000.0,-393000000.0,14316000000.0,36016000000.0,16422000000.0,60924000000.0,53107000000.0,141000000.0,7127000000.0,7709000000.0,3240000000.0,6607000000.0,2905000000.0,56727000000.0,15955718000.0,15892723000.0,0.19806383550876028,0.08939136816034488,0.3888351080993868,0.0310369332964624,0.14680475902112344,-0.2533270307613992,-0.6103559870550161,-0.6111111111111112,-0.6099585062240664,-0.6206712036597406,-0.6338844051028378,-0.9324136805158763,-0.005402750491159125,-0.06270554702916031,-2.7225929456625355,0.2462754636667681,-269.42857142857144,0.2552917356893061,0.042479924659060586,0.0310369332964624,0.05707883855766793,-0.6206722136516527,3.051546391752577,-0.6246854026845637,-0.619051648456258,0.002196997436836323,0.15814086113487313,-0.009733539689347204,-0.8808114961961115,-0.7055323720199975,-0.6044638276038994,-0.3874078275666477,-0.6458132304063471,-0.5702662721893491,-0.023749290102741516,-0.026789916911544087,-0.023658014732190202
0000320193-23-000064,AAPL,2023,2,10-Q,2022-09-25 00:00:00,2023-04-01 00:00:00,2023-05-05 00:00:00,2023-05-04 18:03:52,42945000000.0,17936000000.0,-11746000000.0,332160000000.0,112913000000.0,24687000000.0,119682000000.0,3.42,3.41,92308000000.0,9847000000.0,4894000000.0,-20764000000.0,-9596000000.0,2548000000.0,4092000000.0,1757000000.0,7482000000.0,270002000000.0,332160000000.0,120075000000.0,54158000000.0,-329000000.0,27974000000.0,64334000000.0,13660000000.0,65388000000.0,52886000000.0,247000000.0,17124000000.0,15166000000.0,4336000000.0,12808000000.0,5591000000.0,62158000000.0,15901384000.0,15839939000.0,-0.2585206671501088,-0.2448635904344897,-0.09030359355638162,-0.042068136133838196,-0.12318970002407259,0.20219138056975905,0.7910568375684655,0.8095238095238095,0.8138297872340428,0.8339823571485336,0.7505777777777778,4.9106280193236715,2.417942386831276,1.2446783625730995,0.41007194244604306,-0.0017077335935593574,-0.5324640766365087,0.097067448680352,-0.06902282601199916,-0.042068136133838196,-0.12536602421222853,0.8053870258017202,-0.1628498727735369,0.9540374406258731,0.786261661483785,-0.1681890147363293,0.0732716170967107,-0.004161409983618025,0.75177304964539,1.402693980637014,0.9673109352704632,0.3382716049382717,0.9385500227031935,0.9246127366609294,0.09573924233610098,-0.0034052995922840834,-0.0033212684824368566
0000320193-23-000077,AAPL,2023,3,10-Q,2022-09-25 00:00:00,2023-07-01 00:00:00,2023-08-04 00:00:00,2023-08-03 18:04:43,46699000000.0,19549000000.0,-11801000000.0,335038000000.0,122659000000.0,28408000000.0,165066000000.0,4.69,4.67,128721000000.0,12699000000.0,7020000000.0,-16790000000.0,-7609000000.0,2570000000.0,4863000000.0,2986000000.0,7351000000.0,274764000000.0,335038000000.0,124963000000.0,74039000000.0,-594000000.0,41389000000.0,87332000000.0,13640000000.0,64768000000.0,51730000000.0,753000000.0,27857000000.0,22608000000.0,1408000000.0,18781000000.0,8208000000.0,60274000000.0,15859263000.0,15792497000.0,0.08741413435789958,0.08993086529884042,0.004682445087689446,0.00866449903660893,0.0863142419384837,0.1507271033337385,0.37920489296636095,0.3713450292397662,0.3695014662756597,0.39447285175716074,0.28963135980501686,0.4344094809971393,-0.19138894240030824,-0.20706544393497295,0.008634222919937207,0.18841642228739008,0.6994877632327832,-0.017508687516706756,0.017636906393285967,0.00866449903660893,0.04070789090151994,0.36709258096680086,0.8054711246200608,0.47955244155287047,0.35747816084807416,-0.0014641288433382416,-0.00948186211537283,-0.021858336799909228,2.048582995951417,0.6267811259051623,0.4907028880390347,-0.6752767527675276,0.4663491567770144,0.46807368985870146,-0.030309855529457197,-0.0026488889269009608,-0.002995087291687182
0000320193-24-000006,AAPL,2024,1,10-Q,2023-10-01 00:00:00,2023-12-30 00:00:00,2024-02-02 00:00:00,2024-02-01 18:03:38,58146000000.0,23194000000.0,-9378000000.0,353514000000.0,143692000000.0,40760000000.0,64720000000.0,2.19,2.18,54855000000.0,6407000000.0,7255000000.0,-4542000000.0,-6555000000.0,137000000.0,1457000000.0,-3865000000.0,6511000000.0,279414000000.0,353514000000.0,133973000000.0,33916000000.0,-50000000.0,14482000000.0,40373000000.0,13979000000.0,66681000000.0,50353000000.0,284000000.0,13046000000.0,7696000000.0,8242000000.0,6786000000.0,2997000000.0,74100000000.0,15576641000.0,15509763000.0,0.24512302190625057,0.18645455010486467,-0.205321582916702,0.05514598344068444,0.17147539112498889,0.43480709659250905,-0.6079144099935783,-0.5330490405117272,-0.5331905781584583,-0.5738457594331927,-0.4954720844160958,0.033475783475783505,-0.7294818344252532,-0.1385201734787751,-0.946692607003891,-0.7003907053259305,-2.2943737441393166,-0.11427016732417361,0.0169236144473075,0.05514598344068444,0.07210134199723117,-0.5419170977457826,-0.9158249158249159,-0.6501002681871995,-0.5377066825447716,0.02485337243401764,0.029536190711462407,-0.02661898318190603,-0.6228419654714475,-0.5316796496392289,-0.659589525831564,4.853693181818182,-0.6386773867206219,-0.6348684210526316,0.22938580482463422,-0.017820626343103108,-0.017903058648673476
0000320193-24-000069,AAPL,2024,2,10-Q,2023-10-01 00:00:00,2024-03-30 00:00:00,2024-05-03 00:00:00,2024-05-02 18:04:25,45753000000.0,21837000000.0,-8960000000.0,337411000000.0,128416000000.0,32695000000.0,113202000000.0,3.72,3.71,97126000000.0,10829000000.0,14531000000.0,-16710000000.0,-7727000000.0,-53000000.0,4438000000.0,-3437000000.0,6232000000.0,263217000000.0,337411000000.0,123822000000.0,57552000000.0,108000000.0,28853000000.0,68273000000.0,13884000000.0,70262000000.0,47564000000.0,729000000.0,27462000000.0,15599000000.0,4339000000.0,13254000000.0,5961000000.0,74194000000.0,15520675000.0,15457810000.0,-0.21313589928799914,-0.058506510304389026,-0.04457240349754743,-0.0455512370090011,-0.10631072015143506,-0.19786555446516196,0.7491038318912238,0.6986301369863015,0.701834862385321,0.7705952055418832,0.6901826127672859,1.00289455547898,2.678996036988111,0.17879481311975587,-1.3868613138686132,2.0459849004804394,-0.11073738680465717,-0.0428505605897711,-0.05796774678434147,-0.0455512370090011,-0.07576899823098682,0.6968982191296142,-3.16,0.9923353128020991,0.691055903698016,-0.0067959081479361805,0.05370345375744212,-0.05538895398486687,1.566901408450704,1.1050130308140425,1.0268970893970892,-0.47355010919679685,0.9531388152077807,0.9889889889889889,0.0012685560053982137,-0.0035929440756835573,-0.0033496965749896246
0000320193-24-000081,AAPL,2024,3,10-Q,2023-10-01 00:00:00,2024-06-29 00:00:00,2024-08-02 00:00:00,2024-08-01 18:03:34,47574000000.0,22795000000.0,-8416000000.0,331612000000.0,125435000000.0,25565000000.0,159301000000.0,5.13,5.11,136804000000.0,14875000000.0,19230000000.0,-15171000000.0,-6697000000.0,-41000000.0,5626000000.0,2000000.0,6165000000.0,264904000000.0,331612000000.0,131624000000.0,79000000000.0,250000000.0,43179000000.0,93625000000.0,14297000000.0,70435000000.0,47084000000.0,1117000000.0,39838000000.0,23605000000.0,-4726000000.0,19574000000.0,8830000000.0,66708000000.0,15463175000.0,15401047000.0,0.03980066880860278,0.04387049503136886,-0.06071428571428572,-0.017186754433020868,-0.02321361824071766,-0.2180761584340113,0.4072277874949206,0.379032258064516,0.3773584905660379,0.408520890389803,0.37362637362637363,0.32337760649645575,-0.09210053859964096,-0.1332988223113757,-0.2264150943396226,0.2676881478143307,-1.0005819028222287,-0.010750962772785644,0.006409160502551137,-0.017186754433020868,0.06300980439663384,0.3726716708368085,1.3148148148148149,0.49651682667313635,0.3713327376854687,0.029746470757706645,0.0024622128604365745,-0.010091665965856533,0.5322359396433471,0.4506590925642706,0.513238028078723,-2.0891910578474304,0.47683718122830854,0.4812950847173294,-0.10089764670997659,-0.003704735779854973,-0.0036721243177396667
0000320193-25-000008,AAPL,2025,1,10-Q,2024-09-29 00:00:00,2024-12-28 00:00:00,2025-01-31 00:00:00,2025-01-31 06:01:27,61910000000.0,29639000000.0,-6789000000.0,344085000000.0,133240000000.0,30299000000.0,66025000000.0,2.41,2.4,58275000000.0,6254000000.0,18651000000.0,-6671000000.0,-3597000000.0,-215000000.0,-939000000.0,-11998000000.0,6911000000.0,277327000000.0,344085000000.0,144365000000.0,36330000000.0,-248000000.0,15443000000.0,42832000000.0,13248000000.0,77183000000.0,49006000000.0,603000000.0,15967000000.0,8268000000.0,-11221000000.0,7175000000.0,3286000000.0,66758000000.0,15150865000.0,15081724000.0,0.3013410686509439,0.30024128098267155,-0.19332224334600756,0.03761323474421907,0.0622234623510185,0.18517504400547624,-0.5855330475012712,-0.530214424951267,-0.5303326810176126,-0.5740256132861612,-0.5795630252100841,-0.03010920436817477,-0.5602794805879638,-0.4628938330595789,4.2439024390243905,-1.1669036615712762,-6000.0,0.12100567721005673,0.04689623410745014,0.03761323474421907,0.09679845620859417,-0.5401265822784811,-1.992,-0.6423492901642002,-0.5425153538050734,-0.07337203609148768,0.09580464257826371,0.040820660946393694,-0.4601611459265891,-0.5992017671569858,-0.6497352255877992,1.374312314853999,-0.6334423214468172,-0.6278595696489242,0.0007495352881212725,-0.020197016460073658,-0.020733850107723217
0000320193-25-000057,AAPL,2025,2,10-Q,2024-09-29 00:00:00,2025-03-29 00:00:00,2025-05-02 00:00:00,2025-05-02 06:00:46,54126000000.0,26136000000.0,-6363000000.0,331233000000.0,118674000000.0,28162000000.0,116517000000.0,4.06,4.05,103142000000.0,10784000000.0,31683000000.0,-14604000000.0,-7266000000.0,-858000000.0,4371000000.0,-15579000000.0,6269000000.0,264437000000.0,331233000000.0,144571000000.0,61110000000.0,-527000000.0,30721000000.0,72421000000.0,14109000000.0,81259000000.0,41300000000.0,635000000.0,26587000000.0,16818000000.0,-15552000000.0,13903000000.0,6512000000.0,66796000000.0,15103499000.0,15037903000.0,-0.12573089969310292,-0.11818887276898682,-0.06274856385329208,-0.03735123588648159,-0.10932152506754733,-0.07053038054061189,0.7647406285497917,0.6846473029045641,0.6875,0.7699184899184899,0.7243364246881996,0.6987292906546565,1.1891770349272974,1.0200166805671391,2.9906976744186045,-5.654952076677317,0.29846641106851135,-0.09289538417016352,-0.046479426813833435,-0.03735123588648159,0.0014269386624181646,0.6820809248554913,1.125,0.9893155474972479,0.6908152782966006,0.06499094202898559,0.052809556508557565,-0.15724605150389748,0.05306799336650081,0.6651218137408406,1.0341074020319305,0.38597272970323493,0.9377003484320559,0.9817407181984175,0.0005692201683693554,-0.0031262901491102557,-0.002905569681556308
